a.b.c.d,1646972353,Multiverse2,MH,215439.1,1058.0,25.5,13.0,0.24075560000000001,0.17307840000000002,0.252582,0.1855714,466.3,56126.3,1.5,7.2,4.0,38818.4,1648.9,178.4,348.0,14.1,2.1,295.7,82.55,40.6,0.2,0.2,0.0,0.5885214999999999,0.6207812,0.1233836,0.1366905,134229.0,525.6,3.6,1.9,133928.9,49126.3,15878.0,523.0,190.9,61.9,245.3,109.9,57.3
a.b.c.d,1646972373,Multiverse2,MH,233135.5,1131.1,28.4,13.1,0.24184999999999998,0.1740102,0.28706479999999995,0.1855714,467.1,56291.2,1.5,8.2,4.0,38955.1,1648.9,178.4,348.4,14.1,2.1,329.8,82.55,40.6,0.2,0.2,0.0,0.6837335,0.7170194000000001,0.1302802,0.1366905,151259.7,595.2,3.8,1.9,150959.6,57641.6,15878.0,592.6,225.7,61.9,269.7,122.1,57.3
a.b.c.d,1646972393,Multiverse2,MH,216234.6,1080.2,26.4,11.1,0.1589587,0.090288,0.2737315,0.1722381,365.3,27118.3,0.7,7.4,3.2,22326.6,1020.1,141.8,319.8,5.5,1.9,298.6,85.8,41.3,0.1,0.1,0.0,0.7678691000000001,0.8013068999999999,0.1169469,0.12335720000000001,164303.0,650.3,3.2,1.3,164231.2,73850.7,32088.4,649.4,289.3,125.5,252.4,138.6,75.1
a.b.c.d,1646972413,Multiverse2,MH,197855.5,787.4,25.4,9.1,0.07852629999999998,0.04134890000000001,0.2550648,0.14023809999999998,72.1,8227.8,0.7,6.8,2.4,3800.8,1003.9,121.3,29.5,5.3,1.6,285.8,83.05,35.0,0.1,0.1,0.0,0.8421609999999999,0.8440071000000001,0.1289469,0.1553572,165241.8,652.4,3.3,1.3,165162.2,65797.6,32088.0,651.4,258.1,125.5,253.1,129.85,74.7
a.b.c.d,1646972433,Multiverse2,MH,197342.2,783.1,24.2,8.9,0.07980539999999998,0.0416573,0.2387685,0.14023809999999998,72.9,8275.8,0.7,6.2,2.4,3898.6,1098.3,149.5,30.1,5.9,2.0,242.9,96.55,42.0,0.1,0.1,0.0,0.8419186999999999,0.8436271,0.14153949999999998,0.1553572,164685.9,648.2,3.4,1.3,164606.3,57455.1,32088.0,647.2,225.8,125.5,254.0,117.0,74.7
a.b.c.d,1646972453,Multiverse2,MH,206768.7,926.1,23.2,10.6,0.13642909999999997,0.067454,0.24710180000000004,0.17523809999999998,212.3,16627.9,0.9,6.1,3.1,10871.3,1286.2,170.0,156.2,7.2,2.3,239.9,100.55,48.0,0.2,0.1,0.0,0.7867339,0.8158998000000001,0.14987279999999997,0.1703572,163862.8,645.8,3.5,1.6,163767.4,49021.6,32095.6,644.6,193.4,125.6,253.7,112.25,82.3
a.b.c.d,1646972473,Multiverse2,MH,252485.8,1547.9,26.2,11.6,0.224187,0.1278775,0.2916396,0.23514590000000002,848.6,58695.6,3.2,8.8,5.1,40741.0,1648.0,141.8,645.9,11.6,2.0,229.0,84.2,41.0,0.3,0.2,0.0,0.7149578000000001,0.763248,0.15043299999999998,0.1738902,160673.9,626.6,4.1,1.9,157597.9,49054.2,32088.0,613.6,193.6,125.5,257.9,115.7,74.7
a.b.c.d,1646972493,Multiverse2,MH,257922.2,1633.6,28.9,11.3,0.2762978,0.147051,0.3372889,0.26014590000000004,939.0,64520.9,3.3,11.6,5.2,45628.7,1277.3,125.6,727.7,11.0,1.8,195.2,63.7,32.9,0.4,0.2,0.0,0.6718468000000001,0.752301,0.14186159999999998,0.1417473,161239.5,624.7,4.4,1.6,158187.4,49046.4,32088.0,612.0,193.5,125.5,259.4,107.9,74.7
a.b.c.d,1646972513,Multiverse2,MH,254741.1,1596.2,25.9,11.1,0.24307669999999998,0.1325295,0.3253842,0.2125269,903.6,61587.4,2.6,10.6,4.5,45197.5,1070.5,125.6,720.6,8.7,1.7,204.1,71.45,33.2,0.3,0.1,0.0,0.7031940000000001,0.7671822,0.13114730000000002,0.1500806,161185.5,623.2,3.7,1.7,158133.4,65185.9,48227.5,610.5,256.3,188.3,259.9,133.5,100.3
a.b.c.d,1646972533,Multiverse2,MH,258196.8,1592.9,25.1,9.1,0.2287222,0.12438800000000001,0.29621749999999997,0.1708602,891.1,60159.1,2.6,9.8,3.5,44765.1,1277.7,121.3,715.6,11.7,1.6,190.3,72.1,33.8,0.3,0.1,0.0,0.7123296000000001,0.7591475000000001,0.14573060000000002,0.19591390000000003,162395.6,628.3,3.9,1.8,159327.7,49347.7,32388.7,615.4,194.9,126.9,259.8,116.0,82.2
a.b.c.d,1646972553,Multiverse2,MH,262494.9,1612.1,24.7,9.5,0.24569789999999997,0.1322016,0.2813365,0.2083602,906.5,62030.4,2.7,9.3,3.8,45746.4,1547.1,149.5,722.5,13.2,1.9,228.4,87.9,40.1,0.4,0.1,0.0,0.6925312000000001,0.7483568,0.15942100000000003,0.19591390000000003,163503.5,628.2,4.2,1.9,160428.1,40945.5,32380.5,615.2,162.0,126.8,261.5,106.75,74.0
a.b.c.d,1646972573,Multiverse2,MH,269101.6,1618.5,23.3,10.9,0.2521507,0.1337543,0.2735204,0.23502689999999998,911.7,62469.3,2.7,8.7,4.2,45966.9,1656.3,177.7,727.0,13.6,2.1,230.4,106.1,47.1,0.4,0.1,0.0,0.6755582000000001,0.7208703,0.15919110000000003,0.20258060000000003,163181.6,620.8,4.1,2.0,160106.2,49139.0,49089.3,607.8,189.4,189.0,263.9,121.35,100.8
a.b.c.d,1646972593,Multiverse2,MH,272156.7,1626.4,23.9,10.0,0.2575926,0.1330638,0.2785204,0.21502689999999997,916.2,62420.8,2.7,8.9,4.0,45930.4,1402.6,149.5,731.7,12.5,1.7,213.8,93.65,40.1,0.4,0.1,0.0,0.6701405000000001,0.7108157,0.16169110000000003,0.2925806,163989.9,623.8,4.2,2.0,160906.3,41434.1,32879.5,610.7,159.0,125.4,264.0,112.8,83.6
a.b.c.d,1646972613,Multiverse2,MH,272788.3,1635.3,24.0,9.5,0.26685739999999997,0.13885419999999998,0.29018710000000003,0.21502689999999997,923.6,63627.0,2.7,9.1,4.0,47108.4,1408.6,149.5,738.7,12.6,1.7,222.2,93.1,40.1,0.4,0.1,0.0,0.6606623,0.7069346999999999,0.1541911,0.25258060000000004,163715.5,624.4,4.1,1.8,160647.9,49819.4,32871.7,611.5,191.5,125.3,263.3,117.45,75.8
a.b.c.d,1646972633,Multiverse2,MH,273132.1,1638.4,23.7,10.7,0.26825129999999997,0.1403728,0.29352049999999996,0.23169359999999997,924.6,63892.8,2.7,9.1,4.2,47374.2,1541.5,149.5,739.7,13.1,1.7,225.8,94.9,40.1,0.4,0.1,0.0,0.6576923,0.7053596999999999,0.14252440000000002,0.26091390000000003,163771.8,625.3,3.9,1.9,160704.2,66004.9,49057.2,612.4,252.9,186.7,263.0,143.75,102.1
a.b.c.d,1646972653,Multiverse2,MH,264587.6,1505.7,23.2,9.0,0.2215694,0.11577009999999999,0.2785205,0.2300269,795.0,55849.7,2.5,8.7,3.6,40528.5,1773.4,145.2,620.6,18.1,1.6,215.8,96.0,40.7,0.3,0.1,0.0,0.7051586999999999,0.7309977,0.14085770000000003,0.27924720000000003,164849.8,629.5,3.8,1.7,161789.8,74565.9,49057.8,616.7,286.2,186.7,263.0,152.45,102.7
a.b.c.d,1646972673,Multiverse2,MH,220884.7,892.8,20.5,6.8,0.14772159999999998,0.062419199999999994,0.24886370000000002,0.20027779999999998,171.7,15536.0,0.4,6.4,1.7,11388.8,1574.5,165.7,134.3,14.2,1.9,233.7,95.85,47.5,0.3,0.0,0.0,0.7718442999999999,0.7855304,0.1420832,0.2899999000000001,169925.4,651.0,3.3,1.3,169845.3,74533.0,49057.8,650.0,286.0,186.7,260.8,148.7,102.7
a.b.c.d,1646972693,Multiverse2,MH,208529.2,792.6,16.2,7.6,0.093491,0.0418662,0.20916679999999999,0.19194450000000002,79.4,9254.2,0.3,3.5,1.8,6403.3,1728.9,193.9,51.1,14.5,2.2,298.0,146.1,54.5,0.2,0.0,0.0,0.8245803,0.8206128999999999,0.13041650000000002,0.27333320000000005,168665.6,647.5,2.3,1.3,168593.6,90612.6,65137.4,646.6,348.7,249.4,260.2,174.3,128.3
a.b.c.d,1646972713,Multiverse2,MH,209788.1,798.4,16.5,6.7,0.10099820000000001,0.043986000000000004,0.21250010000000003,0.20861110000000002,85.0,9646.5,0.3,3.6,1.7,6733.8,1751.4,181.9,56.5,14.5,2.1,297.8,138.3,54.4,0.2,0.0,0.0,0.8200323,0.8191305,0.1354165,0.2983332,169599.8,649.5,2.4,1.3,169519.6,83009.9,49006.1,648.5,318.3,186.7,260.9,165.95,110.9
a.b.c.d,1646972733,Multiverse2,MH,209920.0,816.2,17.1,7.0,0.1195978,0.052010600000000004,0.2363637,0.2800397,105.0,11417.0,0.6,4.2,2.2,6992.9,1712.6,186.2,59.2,13.7,2.2,302.5,137.75,54.4,0.3,0.0,0.0,0.8062161,0.8166454,0.1303029,0.2626189,169155.1,650.2,2.4,1.2,169082.9,83009.5,48998.5,649.3,318.3,186.6,260.0,165.55,103.3
a.b.c.d,1646972753,Multiverse2,MH,205112.3,809.9,16.7,8.2,0.1275493,0.05762280000000001,0.25553039999999994,0.2825397,110.6,12109.1,0.8,4.5,2.7,6805.9,1617.5,186.2,61.1,13.9,2.3,284.2,131.2,54.7,0.3,0.0,0.0,0.8019267000000001,0.8220658000000001,0.11946960000000002,0.24761890000000003,166584.5,642.0,2.1,1.2,166519.1,90680.4,49007.4,641.2,347.0,186.7,259.4,175.7,112.2
a.b.c.d,1646972773,Multiverse2,SUE,198395.1,808.4,17.3,6.8,0.13282259999999999,0.05938720000000001,0.2669589,0.255873,114.6,12252.5,0.8,4.9,2.3,6945.4,1516.4,158.0,62.6,13.6,2.1,256.2,116.4,47.7,0.3,0.0,0.0,0.8080467,0.8464193999999999,0.12708860000000002,0.34095220000000004,166249.1,645.6,2.3,1.2,166175.5,73979.8,32298.6,644.7,284.9,124.5,257.5,157.1,85.4
a.b.c.d,1646972793,Multiverse2,SUE,210715.5,930.0,18.6,7.5,0.1852569,0.08550550000000001,0.28333820000000004,0.305873,229.9,21082.8,1.2,5.7,2.7,12650.1,1667.7,158.0,156.3,14.7,2.1,265.7,121.8,47.7,0.4,0.0,0.0,0.755721,0.8154716999999998,0.13183000000000003,0.26595219999999997,166414.5,645.7,2.6,1.3,166333.9,65474.3,32290.4,644.7,251.7,124.4,257.7,147.85,77.2
a.b.c.d,1646972813,Multiverse2,SUE,301996.7,2221.2,28.0,18.5,0.2720982,0.1604387,0.3410655,0.3886003,1543.6,110444.4,9.5,14.4,11.8,30470.9,2322.9,178.5,453.1,24.2,2.4,273.8,125.3,53.9,0.5,0.1,0.0,0.6758889,0.7428642000000002,0.12569360000000002,0.2723158,158610.1,610.6,3.1,2.0,157081.0,57197.4,32298.0,602.9,219.8,124.5,264.0,150.2,84.8
a.b.c.d,1646972833,Multiverse2,SUE,630281.4,7173.1,46.7,26.2,0.3678178,0.2532111,0.41334350000000003,0.46856279999999995,6509.4,439658.8,18.1,31.9,20.2,48212.6,2785.4,150.3,731.4,33.2,2.0,264.1,116.8,46.9,0.6,0.1,0.0,0.5860227,0.6533665,0.12188290000000002,0.2662297,157386.9,597.5,3.9,2.1,155840.7,41011.9,16112.5,589.6,158.4,63.1,268.7,123.9,58.5
a.b.c.d,1646972853,Multiverse2,SUE,920333.3,11598.4,74.8,35.6,0.44669119999999995,0.3414562,0.48591109999999993,0.5352295,10952.4,734250.1,27.8,59.0,29.8,65195.1,2380.1,134.1,991.7,27.1,1.8,269.9,114.7,40.3,0.7,0.1,0.0,0.5112734999999999,0.5797369000000001,0.1115901,0.23289639999999995,155489.5,580.3,4.6,2.0,153951.5,32442.7,16104.3,572.5,125.0,63.0,273.7,107.0,50.3
a.b.c.d,1646972873,Multiverse2,SUE,1042307.0,13404.4,80.4,42.7,0.5272177,0.419132,0.5404944,0.5745351000000001,12784.1,859251.6,30.4,65.0,36.1,81466.2,2685.9,128.1,1238.7,33.4,1.7,257.2,113.4,39.7,0.7,0.1,0.0,0.44032160000000004,0.5163914000000001,0.09325680000000001,0.20206310000000002,152010.1,554.9,4.3,1.9,150488.6,39503.5,16111.9,547.3,145.7,63.1,281.4,120.2,57.9
a.b.c.d,1646972893,Multiverse2,SUE,1068479.2,13624.1,88.2,42.5,0.6022147999999999,0.4582818000000001,0.6049388000000001,0.6178684000000001,13002.2,876674.1,31.0,72.1,36.5,90652.5,2531.5,99.9,1365.2,33.1,1.4,184.7,63.15,32.7,0.8,0.1,0.0,0.367848,0.46102589999999993,0.0904791,0.2237298,152614.9,548.6,4.7,2.1,151069.5,23432.0,32.3,540.7,83.1,0.4,285.4,102.7,32.3
a.b.c.d,1646972913,Multiverse2,SUE,1082993.5,13790.9,95.9,42.4,0.6685743000000001,0.5042651,0.6642866000000002,0.5845351,13176.1,892088.1,31.0,79.1,36.4,101315.0,2457.7,83.7,1493.2,32.8,1.2,175.3,55.05,25.8,0.8,0.1,0.0,0.30311039999999995,0.41527100000000006,0.08366750000000002,0.24039650000000004,151328.2,539.3,5.1,2.1,149782.0,14895.2,24.1,531.4,50.7,0.3,287.5,85.45,24.1
a.b.c.d,1646972933,Multiverse2,SUE,1088034.5,13837.7,95.2,43.2,0.7013162,0.5329449,0.6612563,0.5464397999999999,13236.6,900362.8,30.7,78.8,36.4,107858.4,2954.1,154.8,1552.0,35.5,1.5,185.5,61.35,25.1,0.7,0.1,0.0,0.273014,0.3969255000000001,0.07669780000000001,0.2327775,150163.5,526.8,4.9,2.1,148625.1,30334.5,15471.2,519.0,105.4,55.1,290.9,105.75,52.2
a.b.c.d,1646972953,Multiverse2,SUE,1102381.5,13959.9,94.7,41.2,0.7467333999999999,0.5610347,0.6545896000000001,0.5064398,13361.1,911695.0,30.4,78.5,35.6,117466.9,3091.2,211.4,1663.6,37.6,1.4,185.8,60.7,26.6,0.6,0.1,0.0,0.2316471,0.3642925,0.07336450000000001,0.2227775,150787.6,525.3,4.8,1.9,149258.1,38637.1,31443.4,517.6,132.8,111.2,292.7,116.4,71.7
a.b.c.d,1646972973,Multiverse2,SUE,1119869.2,14140.6,94.9,41.9,0.8052697,0.5946875,0.6469292,0.5314398,13535.7,924241.3,30.6,78.4,35.8,128499.2,3273.3,231.9,1827.1,40.6,1.7,196.0,64.1,32.7,0.7,0.1,0.0,0.1715247,0.31925580000000003,0.07647010000000001,0.16027750000000002,151273.6,522.2,4.9,2.1,149729.0,38636.7,31451.0,514.3,132.8,111.3,294.7,116.05,79.3
a.b.c.d,1646972993,Multiverse2,SUE,1181756.1,15153.7,101.4,50.5,0.7965285,0.6142215,0.6715073,0.5473972,14050.9,960325.6,35.9,83.4,41.6,135330.3,3560.7,327.3,1927.2,45.3,2.3,194.3,62.7,38.8,0.7,0.2,0.0,0.1411252,0.2789939,0.069867,0.14591579999999998,145714.0,493.2,5.4,2.9,138781.2,38686.7,31458.6,466.4,133.0,111.4,307.6,118.0,86.9
a.b.c.d,1646973013,Multiverse2,SUE,1276507.4,16539.9,107.0,46.7,0.7976803,0.6225103,0.6689005,0.563281,15418.8,1054034.1,34.7,87.6,39.6,128490.5,3418.1,306.8,1808.2,42.8,2.0,192.6,62.5,32.6,0.7,0.2,0.0,0.1405906,0.27820870000000003,0.06952749999999999,0.13955220000000002,151682.1,509.0,5.7,2.2,146197.8,38570.1,31451.0,488.9,132.3,111.3,308.1,102.8,79.3
a.b.c.d,1646973033,Multiverse2,SUE,996069.9,12340.2,103.8,37.9,0.7681256999999999,0.5832158000000001,0.6601952999999999,0.5666518,11019.9,760893.6,26.2,83.3,31.1,141787.5,2728.3,306.8,2030.1,32.7,2.0,191.9,55.7,32.6,0.7,0.2,0.0,0.1469473,0.29853910000000006,0.0709929,0.137305,152773.2,520.7,5.8,2.0,147306.0,38570.1,31451.0,500.8,132.3,111.3,303.8,102.8,79.3
a.b.c.d,1646973053,Multiverse2,SUE,764961.2,8763.0,83.8,37.8,0.7079177999999999,0.5242023,0.625961,0.5249851,6920.9,493849.8,21.4,61.5,27.0,130983.2,2998.2,327.3,1868.1,34.3,2.3,201.5,60.75,38.8,0.7,0.3,0.0,0.15043869999999998,0.30756970000000006,0.0773274,0.14668,148773.4,514.0,5.8,2.9,142127.4,38642.9,31458.6,488.4,132.8,111.4,300.1,116.9,86.9
a.b.c.d,1646973073,Multiverse2,SUE,656141.1,7252.9,85.6,30.0,0.6925404000000001,0.4911644,0.5993538999999999,0.44123509999999994,5391.4,386730.7,18.6,60.4,20.3,132940.0,2454.6,312.8,1927.4,27.1,2.1,203.9,53.85,32.6,0.6,0.3,0.0,0.1656142,0.3424864000000001,0.0840111,0.14418000000000003,151260.0,539.7,6.5,2.7,144621.6,31574.5,31451.0,514.2,112.0,111.3,290.8,96.1,79.3
a.b.c.d,1646973093,Multiverse2,SUE,643294.5,7231.4,86.7,29.3,0.6179799000000001,0.45290729999999996,0.5736882999999999,0.3812351,5176.5,369820.4,18.0,58.7,19.7,124191.0,2454.6,312.8,1803.7,27.1,2.1,207.8,53.85,32.6,0.5,0.3,0.0,0.1702381,0.35799460000000005,0.08835650000000002,0.1475133,151031.7,547.8,7.0,2.5,144408.4,31566.4,31451.0,522.5,111.9,111.3,286.7,88.0,79.3
a.b.c.d,1646973113,Multiverse2,SUE,637891.5,7179.9,79.1,30.7,0.5441942999999999,0.40584500000000007,0.5068404999999999,0.3937351,4998.4,354360.8,18.0,51.6,19.9,113544.7,2679.2,341.0,1671.6,28.1,2.5,217.3,69.7,39.6,0.5,0.3,0.0,0.1803807,0.3674614,0.09433480000000001,0.11001330000000001,151000.4,555.1,6.6,2.6,144378.3,39444.2,31458.8,529.8,143.3,111.4,283.4,104.45,87.1
a.b.c.d,1646973133,Multiverse2,SUE,749658.4,8793.8,95.6,45.6,0.5294517000000001,0.4081494,0.5135072,0.40308469999999996,5699.5,400947.3,24.5,58.3,26.4,110012.6,2602.7,307.0,1659.7,31.7,2.3,220.2,63.5,40.0,0.6,0.4,0.0,0.1452184,0.31906359999999995,0.09489030000000001,0.1100539,147585.1,539.8,7.8,3.6,134982.3,24006.0,16011.7,497.4,88.6,56.6,297.9,85.25,59.0
a.b.c.d,1646973153,Multiverse2,SUE,753995.0,8939.2,112.3,45.8,0.5405153,0.42089809999999994,0.5202838000000001,0.45308469999999995,5841.1,407567.7,24.6,65.1,26.5,113785.2,2311.8,222.2,1764.1,28.2,2.0,230.7,61.0,31.9,0.7,0.4,0.0,0.1348659,0.3138799,0.0959159,0.1600539,147699.0,543.0,9.1,3.7,135089.2,8024.9,30.6,500.5,32.4,0.4,296.6,56.85,30.6
a.b.c.d,1646973173,Multiverse2,SUE,777758.3,9258.0,117.1,52.1,0.4782494,0.39186819999999994,0.4982997000000001,0.4365354,5709.0,399494.1,24.5,65.0,26.9,104825.8,2576.8,222.2,1636.1,27.5,2.0,249.0,67.05,31.9,0.7,0.4,0.0,0.1205341,0.29142909999999994,0.0897922,0.13382149999999998,145912.3,537.5,9.5,4.2,133264.0,8026.0,30.6,494.6,32.4,0.4,296.2,57.9,30.6
a.b.c.d,1646973193,Multiverse2,SUE,837568.5,9988.2,130.9,58.8,0.4411861,0.3577026,0.4461354,0.3867271,5372.9,375438.5,21.4,62.0,23.3,98821.0,2317.7,126.8,1547.0,23.2,1.4,257.0,71.35,25.8,0.7,0.4,0.0,0.12006739999999998,0.28994,0.08648149999999999,0.1287733,150967.6,551.2,10.2,4.1,143367.9,7977.2,23.0,524.8,32.2,0.3,291.0,57.15,23.0
a.b.c.d,1646973213,Multiverse2,SUE,715107.6,8217.1,144.2,58.3,0.37000700000000003,0.2904066,0.38307179999999996,0.3164742,2943.6,209541.0,16.2,53.8,18.1,90481.5,1958.3,126.8,1425.0,17.0,1.4,266.8,71.35,25.8,0.7,0.3,0.0,0.12353129999999998,0.30268780000000006,0.0901564,0.1466837,152874.9,555.8,12.1,5.3,137864.4,7977.2,23.0,515.9,32.2,0.3,323.7,57.15,23.0
a.b.c.d,1646973233,Multiverse2,AT,700868.1,7989.2,130.7,61.4,0.30101,0.2352223,0.31220729999999997,0.22584920000000003,2377.0,173485.1,16.1,40.7,18.3,59454.8,1986.5,132.8,925.0,17.4,1.5,275.5,78.35,31.8,0.6,0.3,0.0,0.12665339999999997,0.30901670000000003,0.0872934,0.1498087,152582.1,557.6,11.2,5.4,137571.6,23737.8,15783.6,517.7,94.0,62.1,322.5,82.65,48.5
a.b.c.d,1646973253,Multiverse2,AT,688359.6,7576.7,138.5,66.0,0.2626763,0.19946180000000002,0.25847169999999997,0.17103700000000002,2016.9,144582.2,11.2,35.9,13.2,52281.2,1716.6,112.3,816.0,15.8,1.2,257.7,74.1,25.6,0.5,0.2,0.0,0.13185469999999996,0.3110539,0.11355060000000002,0.1833914,152231.9,565.9,16.5,10.6,130853.6,23673.0,15782.4,492.9,93.6,62.1,348.0,76.55,47.3
a.b.c.d,1646973273,Multiverse2,AT,685454.9,7671.3,146.5,66.2,0.1807565,0.14541540000000003,0.20582320000000004,0.17103700000000002,1699.5,124433.6,11.2,31.1,13.2,32914.2,1716.6,112.3,504.8,15.8,1.2,242.1,74.1,25.6,0.5,0.2,0.0,0.11494330000000001,0.268166,0.140322,0.2333914,136194.5,500.8,22.0,10.8,114726.2,23673.0,15782.4,427.1,93.6,62.1,356.3,76.55,47.3
a.b.c.d,1646973293,Multiverse2,AT,706632.4,7673.3,144.4,73.9,0.17951559999999997,0.1427974,0.1528777,0.173537,1696.2,123653.1,11.2,25.7,13.4,32216.7,1736.9,132.4,501.9,16.1,1.5,224.0,80.85,32.3,0.5,0.2,0.0,0.0919897,0.21528719999999998,0.145421,0.21505809999999997,120339.8,439.7,22.2,11.9,98594.4,23682.0,15790.0,363.9,93.7,62.2,357.0,85.55,54.9
a.b.c.d,1646973313,Multiverse2,AT,748338.8,8333.7,154.8,76.3,0.17840509999999998,0.14114900000000002,0.1420444,0.161037,1694.1,123203.8,11.2,25.7,13.2,31795.6,1512.3,104.2,500.2,15.1,1.1,199.3,65.0,25.3,0.5,0.2,0.0,0.05973329999999999,0.1622951,0.150421,0.22505809999999998,107902.7,385.0,24.1,12.6,83495.6,15804.2,15782.2,302.7,62.3,62.1,403.5,69.1,47.1
a.b.c.d,1646973333,Multiverse2,AT,622112.0,6607.5,150.3,61.4,0.13684190000000002,0.1010364,0.1050074,0.13168739999999998,906.9,66236.5,4.7,18.9,6.4,28165.2,920.0,46.6,444.6,6.6,0.7,190.7,64.75,18.8,0.4,0.1,0.0,0.06304509999999999,0.157556,0.1609766,0.2383508,96366.1,347.4,25.2,11.8,77865.3,15795.3,15782.2,281.6,62.2,62.1,393.2,60.2,47.1
a.b.c.d,1646973354,Multiverse2,AT,650593.5,7041.2,137.4,66.5,0.05525490000000001,0.046769500000000006,0.0705579,0.0873478,620.4,45757.3,4.6,11.9,6.6,13994.1,920.0,58.6,219.9,6.6,0.9,158.8,65.45,24.8,0.3,0.1,0.0,0.0479,0.12248250000000001,0.183473,0.21853949999999997,85259.6,301.7,25.4,13.3,62796.5,16109.3,15789.5,224.8,62.9,62.2,418.4,92.95,54.4
a.b.c.d,1646973374,Multiverse2,AT,597018.9,6480.6,136.6,60.4,0.046164,0.0378977,0.06686909999999999,0.07889710000000001,567.9,40537.4,4.5,11.6,6.0,11424.5,464.8,38.1,178.0,4.2,0.6,122.2,52.6,18.7,0.2,0.1,0.0,0.03799519999999999,0.0968647,0.1976022,0.2072719,70186.9,244.5,26.2,12.5,47785.6,16100.4,15781.9,168.3,62.8,62.1,391.9,84.05,46.8
a.b.c.d,1646973394,Multiverse2,AT,531402.4,5575.8,125.1,49.7,0.0307792,0.024265699999999998,0.0582042,0.0683036,267.9,19367.4,1.9,9.0,3.7,4537.6,297.4,38.1,67.0,2.9,0.6,124.0,47.65,18.7,0.1,0.0,0.0,0.036654599999999996,0.09205440000000001,0.2227532,0.24242249999999999,58824.3,206.6,28.3,13.8,32374.4,16099.2,15781.9,121.8,62.8,62.1,457.2,82.85,46.8
a.b.c.d,1646973414,Multiverse2,AT,489171.9,4938.7,100.5,48.3,0.006481699999999998,0.0054186,0.054354799999999995,0.05315289999999999,15.2,2216.0,0.3,4.6,2.5,1240.0,315.4,58.6,6.2,3.1,0.9,115.7,55.55,25.5,0.1,0.0,0.0,0.0394924,0.09724640000000001,0.23003530000000003,0.24149320000000002,52577.7,183.8,26.3,13.5,32911.0,16117.8,15789.5,108.5,62.9,62.2,433.9,97.15,54.4
a.b.c.d,1646973434,Multiverse2,AT,505527.0,5130.0,107.6,50.1,0.006059299999999999,0.0044891,0.0517759,0.043777899999999995,12.7,1743.3,0.3,5.0,2.2,801.5,287.2,52.6,4.2,2.7,0.8,93.8,48.55,19.5,0.1,0.0,0.0,0.031222000000000007,0.0747389,0.2511821,0.2703682,42518.1,139.0,28.7,15.0,18446.5,365.1,28.9,50.9,1.2,0.4,480.0,79.55,28.9
a.b.c.d,1646973454,Multiverse2,SUE,479299.5,4900.1,102.5,37.9,0.0222411,0.0149729,0.05856030000000001,0.07525679999999998,59.6,6110.8,1.0,5.6,2.4,2431.7,504.9,52.6,23.9,4.3,0.8,107.0,49.85,19.5,0.2,0.0,0.0,0.039257400000000005,0.0999167,0.24156619999999998,0.2624105,48917.1,140.1,25.7,9.6,31210.3,357.1,22.5,86.7,1.1,0.3,478.7,71.55,22.5
a.b.c.d,1646973474,Multiverse2,SUE,513412.9,5021.3,91.0,43.8,0.1001708,0.06615630000000002,0.11755800000000001,0.1387489,529.8,41176.7,4.2,8.8,6.4,10092.1,805.5,73.1,142.3,6.1,1.1,125.2,59.1,25.7,0.3,0.1,0.0,0.0433925,0.1118206,0.21989679999999998,0.22669620000000004,57651.4,165.6,20.2,10.3,38907.3,429.9,30.1,107.3,1.6,0.4,482.7,85.75,30.1
a.b.c.d,1646973494,Multiverse2,SUE,507728.5,5186.6,92.4,38.9,0.18894629999999998,0.132184,0.1735686,0.184636,915.1,71507.1,5.7,14.1,7.7,19392.6,805.7,53.0,284.3,6.1,0.8,146.0,58.85,19.0,0.4,0.1,0.0,0.051511799999999996,0.1418996,0.21447129999999998,0.2116962,71404.3,202.9,19.9,9.1,52946.1,420.9,22.5,146.8,1.5,0.3,491.7,76.75,22.5
a.b.c.d,1646973514,Multiverse2,SUE,560114.2,5771.5,97.9,43.0,0.2851259,0.21443859999999998,0.24504479999999998,0.2747595,2294.7,171322.3,13.0,26.7,15.0,34581.4,1201.5,53.0,508.8,10.7,0.8,168.1,65.65,19.0,0.5,0.2,0.0,0.0536049,0.14956609999999998,0.20325699999999997,0.1916653,83228.4,238.5,18.9,8.4,67069.3,420.9,22.5,188.0,1.5,0.3,460.4,76.75,22.5
a.b.c.d,1646973534,Multiverse2,SUE,585149.1,6054.0,87.5,44.6,0.3675742,0.273087,0.3162752999999999,0.33561969999999997,2564.9,193653.5,14.2,28.6,17.1,39205.7,1541.0,73.5,583.2,12.7,1.1,173.3,71.9,25.2,0.6,0.3,0.0,0.060963699999999996,0.1830986,0.19193079999999998,0.1781169,96834.8,277.5,16.7,8.3,80741.2,7471.7,31.4,227.5,21.9,0.4,462.6,98.45,31.4
a.b.c.d,1646973554,Multiverse2,SUE,580494.1,5942.5,91.9,45.9,0.4596967,0.34722099999999995,0.3899963000000001,0.4117775,3185.6,239321.1,19.6,36.0,22.2,44111.8,2072.9,61.5,643.4,20.2,0.9,187.8,72.0,19.2,0.7,0.4,0.0,0.06610469999999999,0.1998739,0.16586579999999998,0.15095850000000002,106819.0,310.2,15.5,6.9,94678.8,7165.6,24.1,271.2,21.3,0.3,442.6,73.65,24.1
a.b.c.d,1646973574,Multiverse2,SUE,648833.2,6677.1,101.5,51.1,0.5521651000000001,0.4220274999999999,0.47076900000000005,0.5069388,3880.5,294379.7,25.5,49.3,28.1,49982.4,2261.4,61.5,721.6,21.5,0.9,216.4,78.75,19.2,0.8,0.4,0.0,0.0729044,0.2207576,0.14361369999999998,0.15257140000000002,122189.7,361.3,14.4,7.0,109686.6,7165.6,24.1,321.4,21.3,0.3,482.9,73.65,24.1
a.b.c.d,1646973594,Multiverse2,SUE,591698.1,5834.5,93.9,49.8,0.6190992000000001,0.46868680000000007,0.5436896,0.579432,4010.1,309044.2,25.9,51.9,31.0,53726.6,2261.6,82.0,762.7,21.5,1.2,218.6,78.8,25.9,0.9,0.4,0.0,0.1026902,0.26607400000000003,0.11601310000000001,0.1167087,133108.3,408.4,10.8,5.0,125001.0,15279.7,31.7,379.6,51.5,0.4,410.9,83.2,31.7
a.b.c.d,1646973614,Multiverse2,SUE,634684.7,6449.6,97.9,49.7,0.7115261,0.5474889000000001,0.6154283,0.6566091000000001,4913.7,377412.2,30.3,59.1,35.0,61655.5,2538.1,61.5,877.0,24.2,0.9,227.9,71.0,19.1,0.9,0.5,0.0,0.0998865,0.2585187,0.1011825,0.0997276,137493.6,430.4,10.1,4.1,130013.9,22759.5,24.1,405.6,76.3,0.3,399.1,83.95,24.1
a.b.c.d,1646973634,Multiverse2,SUE,655766.9,6610.6,104.8,52.6,0.8045255000000001,0.6219117,0.6964229,0.7477483,5791.8,443124.0,37.5,73.5,42.2,66360.5,2723.9,61.5,938.3,25.8,0.9,254.3,77.6,19.1,1.0,0.5,0.0,0.10356209999999999,0.26829699999999995,0.07923630000000001,0.0702592,147915.6,468.6,8.0,2.7,144825.4,22759.3,24.1,456.4,76.3,0.3,356.7,83.75,24.1
a.b.c.d,1646973654,Multiverse2,SUE,672026.8,6879.4,104.1,62.2,0.8767547,0.6823453,0.775558,0.8032655,6242.5,480082.8,45.0,82.6,52.0,68500.8,2694.1,82.0,975.1,25.5,1.2,257.7,82.1,25.2,1.0,0.6,0.0,0.0961114,0.25417979999999996,0.054944099999999996,0.036983300000000004,146374.1,474.6,5.0,2.2,144456.8,30633.5,33.0,466.4,105.5,0.4,332.5,101.65,33.0
a.b.c.d,1646973674,Multiverse2,SUE,626159.0,6413.9,110.3,56.8,0.8480578000000001,0.653989,0.7976658999999999,0.7619956000000001,5840.0,450176.1,42.0,89.3,48.2,62768.7,2393.5,61.5,877.2,23.7,0.9,252.5,72.85,19.0,1.0,0.5,0.0,0.13890750000000002,0.3148931,0.043058400000000004,0.033808700000000004,153864.8,512.2,4.4,1.4,152624.9,31010.6,25.4,508.1,106.5,0.3,325.4,113.05,25.4
a.b.c.d,1646973694,Multiverse2,SUE,624122.0,6320.8,120.2,60.5,0.8398223,0.6484685000000001,0.8262019,0.8033144,5729.1,446405.7,46.6,100.6,52.8,55250.7,2393.5,61.5,761.3,23.7,0.9,257.9,73.15,19.0,1.0,0.5,0.0,0.1469953,0.32103020000000004,0.036592700000000006,0.038220500000000004,155922.9,531.0,4.1,1.7,153927.6,31190.3,25.4,525.1,106.9,0.3,334.2,130.45,25.4
a.b.c.d,1646973714,Multiverse2,SUE,528445.6,5006.3,108.6,58.3,0.7855943,0.5886210000000001,0.8344149,0.7945468,4399.8,352343.0,39.3,92.6,50.3,42261.9,2018.2,67.5,556.6,19.4,1.0,270.8,73.15,25.0,0.9,0.4,0.0,0.1967427,0.3733616999999999,0.0320019,0.0374463,157418.7,550.6,3.1,1.6,155793.8,47828.8,16663.9,545.7,170.2,63.6,320.1,156.65,51.6
a.b.c.d,1646973734,Multiverse2,SUE,518604.5,4948.9,114.8,58.6,0.7645266,0.5749939000000002,0.8290386,0.7674121,4296.0,342683.0,39.7,96.7,49.6,39992.3,1658.4,47.0,510.9,17.1,0.7,273.8,60.15,18.8,0.9,0.3,0.0,0.2007585,0.37526519999999997,0.034152499999999995,0.0515829,154261.5,553.6,3.7,2.1,152213.3,40864.5,16662.6,546.0,150.3,63.6,311.1,149.8,50.3
a.b.c.d,1646973754,Multiverse2,SUE,506349.8,4816.9,115.4,53.0,0.7258361000000001,0.5413548,0.8185891999999999,0.7555939,3964.6,316986.8,35.0,96.1,44.9,44136.9,1106.0,47.0,589.0,9.3,0.7,267.4,53.25,18.8,0.9,0.2,0.0,0.20219579999999998,0.38256539999999994,0.0387667,0.058552599999999996,154885.9,552.3,4.2,2.0,152845.5,40856.6,16662.6,544.8,150.2,63.6,313.4,141.85,50.3
a.b.c.d,1646973774,Multiverse2,SUE,472834.2,4469.6,103.8,51.1,0.704768,0.5198974,0.7818918,0.7092698000000001,3558.3,283313.6,30.6,84.6,41.1,43698.1,1429.3,108.6,582.2,14.7,1.1,254.2,54.5,24.9,0.9,0.3,0.0,0.2041789,0.3850538,0.054226699999999996,0.0755444,148884.1,536.7,4.5,2.7,146639.6,40945.2,16670.2,526.7,150.7,63.7,300.5,157.8,57.9
a.b.c.d,1646973794,Multiverse2,SUE,558508.7,5734.2,110.0,53.0,0.7341533,0.5586639,0.772775,0.7145543,4835.3,368931.7,35.2,88.5,42.9,55285.9,1942.6,88.1,773.6,21.3,0.8,242.7,54.9,18.2,0.9,0.4,0.0,0.17628850000000001,0.3472365,0.0590574,0.0739997,148475.7,522.8,5.3,2.7,146207.4,32823.5,16662.6,512.6,120.4,63.6,307.7,140.65,50.3
a.b.c.d,1646973814,Multiverse2,SUE,505862.3,5101.5,113.6,50.4,0.7142093,0.5324389,0.7560459,0.6895543,4171.4,317368.3,32.2,89.4,39.9,54356.3,1480.8,88.1,774.0,17.4,0.8,226.5,48.0,18.2,0.9,0.3,0.0,0.1785193,0.3569578,0.0685348,0.09323050000000001,142363.3,497.5,6.6,3.2,139763.9,25325.1,16662.6,484.9,95.5,63.6,316.3,125.6,50.3
a.b.c.d,1646973834,Multiverse2,SUE,452941.0,4446.3,98.0,44.1,0.7000334,0.5051749,0.7120052000000001,0.6421650999999999,3521.1,268338.4,25.2,75.0,33.4,58735.9,1712.0,108.6,844.1,21.4,1.0,234.0,48.3,24.6,0.9,0.3,0.0,0.1919465,0.3824798,0.0724592,0.09694889999999999,141727.8,498.0,6.3,3.1,139143.8,40804.9,32150.1,485.6,151.1,119.3,314.9,145.7,78.1
a.b.c.d,1646973854,Multiverse2,SUE,431051.9,4202.0,88.8,33.3,0.6589491,0.4678865,0.6631547,0.5891479,3173.6,239207.2,17.3,65.5,23.2,60361.1,1803.0,88.1,859.3,23.0,0.7,231.4,43.05,18.5,0.9,0.2,0.0,0.19840220000000003,0.3968967,0.0749018,0.09522480000000001,141063.0,493.2,6.2,2.9,138487.9,48014.4,47224.9,480.9,175.5,172.8,316.1,155.9,97.3
a.b.c.d,1646973874,Multiverse2,SUE,431894.4,4249.9,79.1,32.8,0.6811341,0.4867159000000001,0.6168404000000001,0.5919257,3238.4,243817.5,17.2,55.9,23.1,62277.0,1942.8,88.1,893.3,24.3,0.7,228.5,49.65,18.5,0.9,0.2,0.0,0.1774013,0.37794039999999995,0.0832161,0.13411369999999997,137241.7,476.9,6.2,3.0,134998.8,47674.1,47233.0,465.4,174.6,172.9,312.8,148.5,105.4
a.b.c.d,1646973894,Multiverse2,SUE,450022.5,4374.7,64.6,30.8,0.6881418,0.47734940000000003,0.5985438000000001,0.5709698,3371.8,248990.2,13.9,42.4,20.3,70820.6,2336.0,255.6,1026.7,27.9,2.1,222.6,53.55,24.9,0.9,0.3,0.0,0.16637449999999998,0.35858730000000005,0.096774,0.14636860000000002,132012.7,447.4,6.4,3.5,130290.7,47502.6,47239.6,435.9,174.3,173.0,307.6,139.35,112.0
a.b.c.d,1646973914,Multiverse2,SUE,473907.4,4655.0,65.0,26.4,0.7296235,0.5045976999999999,0.5870292000000001,0.5629472,3655.4,267845.7,15.0,42.0,16.6,76290.2,2315.5,249.6,1116.4,27.6,2.0,202.6,46.75,18.9,1.0,0.3,0.0,0.1268489,0.3258147,0.10777750000000001,0.14467369999999996,131251.2,437.2,7.1,3.4,129529.2,30864.1,30601.1,425.7,111.0,109.7,311.3,113.15,85.8
a.b.c.d,1646973934,Multiverse2,SPE,481877.1,4705.2,62.8,23.8,0.7461897000000001,0.5130281,0.5900429999999999,0.6033884,3739.1,274530.2,14.1,40.7,15.7,82269.6,2315.5,249.6,1205.8,27.6,2.0,199.8,46.75,18.9,1.0,0.3,0.0,0.1274954,0.3302984,0.11044290000000001,0.12408549999999999,135992.3,447.7,7.1,2.7,134702.5,30777.6,30593.5,439.0,110.5,109.6,314.6,98.3,78.2
a.b.c.d,1646973954,Multiverse2,SPE,484317.9,4744.4,54.6,24.9,0.7838793000000001,0.5414037,0.5687299999999998,0.5810074,3979.1,290217.0,13.8,34.6,16.0,91632.7,4088.4,270.1,1366.5,50.7,2.3,198.1,53.7,25.0,1.0,0.3,0.0,0.1266758,0.32273319999999994,0.12075260000000002,0.13313310000000003,132845.5,446.2,6.6,3.0,131363.8,30873.8,30601.1,436.2,111.1,109.7,309.0,113.4,85.8
a.b.c.d,1646973974,Multiverse2,SPE,555771.1,5406.5,55.8,24.0,0.8028476000000001,0.544265,0.5817110000000001,0.6027584,4654.1,331528.1,14.7,35.9,16.3,137930.7,3827.5,208.5,2129.0,45.7,1.9,202.7,54.1,18.9,1.0,0.3,0.0,0.12413890000000001,0.31886369999999997,0.113057,0.1204108,145229.6,477.3,6.4,2.4,144184.1,30789.5,30593.5,469.8,110.6,109.6,314.5,101.75,78.2
a.b.c.d,1646973994,Multiverse2,SPE,477666.7,4194.6,51.1,18.1,0.7710661,0.4872706,0.575279,0.6194251,3406.5,242306.2,9.8,32.3,11.4,132525.9,3293.7,208.5,2045.2,38.8,1.9,206.0,46.9,18.9,1.0,0.2,0.0,0.1548983,0.37528789999999995,0.11406259999999999,0.11707750000000001,156821.1,514.7,6.0,2.2,155807.0,30789.5,30593.5,507.5,110.6,109.6,313.1,101.75,78.2
a.b.c.d,1646974014,Multiverse2,SPE,481301.8,3982.6,39.2,16.5,0.7143881,0.4367076,0.5470619,0.5940405,3180.9,226051.8,8.1,23.9,10.1,125948.5,3696.5,236.7,1939.2,43.8,2.3,199.9,54.25,25.1,0.9,0.2,0.0,0.22753459999999998,0.44178649999999997,0.1124347,0.1078467,181846.5,585.6,4.6,1.8,181163.5,64699.3,64503.3,580.8,206.0,205.0,309.9,137.25,113.7
a.b.c.d,1646974034,Multiverse2,SPE,489190.5,3806.1,39.1,15.4,0.6405424000000001,0.39046670000000006,0.5299786,0.5502905,2958.7,209767.0,7.9,23.6,9.4,117244.8,3287.6,216.2,1813.2,38.3,2.1,174.1,50.85,18.7,0.8,0.2,0.0,0.2994612,0.4956287,0.1128514,0.10159670000000001,208593.9,632.5,4.6,1.7,207910.9,91446.7,91250.7,627.7,252.9,251.9,323.2,150.55,127.0
a.b.c.d,1646974054,Multiverse2,SPE,498695.8,3594.7,38.8,15.2,0.5995648,0.3584625,0.5168833000000002,0.5461237999999999,2814.2,198284.3,7.6,23.2,9.3,112588.8,3001.4,216.2,1747.5,35.3,2.1,165.3,49.9,18.7,0.7,0.2,0.0,0.3696363,0.5444493,0.12297040000000001,0.13493,234946.2,672.0,4.8,1.9,234247.3,76371.1,76174.8,667.0,199.4,198.4,339.6,130.55,106.7
a.b.c.d,1646974074,Multiverse2,SPE,524219.0,3524.4,37.5,16.3,0.5404971999999999,0.3197494,0.5175976,0.5611238000000001,2695.8,189961.7,7.7,22.7,9.8,109426.6,3035.9,244.4,1698.1,35.6,2.5,162.2,52.65,25.4,0.7,0.2,0.0,0.4285183,0.5850788,0.13225610000000002,0.10493,268979.7,721.4,4.8,2.0,268381.7,76270.1,76174.9,716.9,198.9,198.4,360.8,120.95,106.8
a.b.c.d,1646974094,Multiverse2,SPE,513314.5,3164.9,34.4,11.7,0.45697919999999986,0.2691777000000001,0.48414170000000006,0.49237380000000003,2291.9,158519.5,4.9,20.0,6.5,99394.9,2622.2,76.9,1542.6,31.7,1.1,143.2,41.95,19.0,0.6,0.1,0.0,0.5145094,0.6654015999999999,0.1332365,0.0882633,308082.3,789.2,4.3,1.2,307718.8,76261.9,76168.3,786.5,198.8,198.3,373.4,112.7,100.2
a.b.c.d,1646974114,Multiverse2,SPE,510210.8,2871.7,30.2,10.6,0.3796207,0.22063200000000002,0.4476337,0.4440405,1964.5,134427.0,3.8,16.3,5.5,92198.8,2622.2,76.9,1439.0,31.7,1.1,136.2,41.95,19.0,0.5,0.1,0.0,0.5891849,0.724305,0.1395857,0.1132633,334450.9,830.2,3.9,1.3,334079.6,76265.8,76168.3,827.4,198.8,198.3,388.4,116.6,100.2
a.b.c.d,1646974134,Multiverse2,SPE,520209.8,2675.7,24.1,10.8,0.3033914,0.1677339,0.3958027,0.3765405,1718.9,115660.0,3.1,11.4,5.0,84465.8,2980.3,105.1,1325.6,34.5,1.5,126.7,52.05,26.0,0.4,0.1,0.0,0.6638549,0.7777304,0.1483181,0.1332633,363289.2,880.5,3.3,1.5,362910.3,98527.7,76175.9,877.6,251.1,198.4,402.1,141.65,107.8
a.b.c.d,1646974154,Multiverse2,SPE,514637.0,2210.2,23.5,9.2,0.21234089999999992,0.09881840000000001,0.361517,0.3289215,1189.0,79965.0,2.7,10.6,4.0,66047.7,1215.5,84.6,1026.5,11.5,1.2,121.6,49.15,19.9,0.3,0.1,0.0,0.7523727,0.8522766,0.14927050000000003,0.1342157,396404.6,947.9,3.2,1.2,396217.5,98439.7,76168.3,946.3,250.6,198.3,414.1,134.75,100.2
a.b.c.d,1646974174,Multiverse2,SPE,455692.3,1292.8,20.4,6.7,0.13862780000000002,0.046705800000000006,0.3288655,0.3138889,250.2,19423.7,0.5,7.9,2.1,15080.4,1112.4,112.8,199.7,11.8,1.6,114.5,48.35,26.9,0.3,0.0,0.0,0.8256433,0.9222241999999999,0.15919470000000002,0.15055549999999998,421697.3,999.7,3.1,1.2,421625.1,98443.2,76168.3,998.8,250.7,198.3,420.9,138.25,100.2
a.b.c.d,1646974194,Multiverse2,SPE,470436.1,1197.5,16.6,8.4,0.0902818,0.0234649,0.3108099,0.2583333,114.8,11099.9,0.7,5.2,2.8,6236.7,1354.1,133.3,59.5,13.8,1.9,116.8,56.4,33.7,0.3,0.0,0.0,0.8706426,0.9402879000000001,0.17070259999999998,0.17277769999999998,441755.0,1036.0,2.9,1.6,441659.4,98451.1,76175.9,1034.8,250.8,198.4,427.8,146.15,107.8
a.b.c.d,1646974214,Multiverse2,SPE,479343.3,1193.4,17.7,7.7,0.074411,0.019008599999999997,0.313667,0.25166659999999996,95.8,9534.6,0.8,5.7,2.5,5442.0,957.3,105.1,50.0,8.9,1.5,117.2,55.05,27.5,0.4,0.0,0.0,0.8858305,0.9447384,0.1797502,0.16277769999999997,452117.6,1050.2,3.2,1.5,452022.0,64541.3,42266.1,1049.0,155.4,103.0,432.6,110.65,72.3
a.b.c.d,1646974234,Multiverse2,SPE,467306.0,1208.1,19.2,8.1,0.11526649999999998,0.0333277,0.32700029999999997,0.2849999,148.5,13895.3,1.1,6.5,2.8,7303.0,1005.4,105.1,78.8,9.4,1.5,135.2,58.45,27.5,0.5,0.0,0.0,0.8462028,0.9300761,0.2064168,0.2294444,435787.9,1013.2,4.1,2.1,431739.8,22346.9,31.2,999.7,53.1,0.4,432.6,80.9,31.2
a.b.c.d,1646974254,Multiverse2,SPE,441376.8,1172.4,18.1,8.5,0.11382030000000001,0.0332487,0.31842889999999996,0.27166660000000004,145.1,13419.3,1.1,6.1,2.8,6853.5,1161.6,133.3,75.8,11.0,1.9,132.6,60.25,34.5,0.5,0.0,0.0,0.8478331000000001,0.9236553000000001,0.20213109999999998,0.2061111,411103.1,983.3,3.9,2.0,407070.9,39090.0,16774.6,970.0,116.2,63.5,414.6,99.3,49.9
a.b.c.d,1646974274,Multiverse2,SPE,409968.0,1128.9,18.0,7.4,0.10629649999999999,0.0334605,0.3070003,0.28166660000000004,134.3,12521.1,1.0,5.9,2.4,6512.2,1083.2,121.3,72.0,10.3,1.7,143.1,60.65,34.6,0.5,0.0,0.0,0.8524115,0.9215116999999999,0.189274,0.18611110000000003,380575.3,949.5,3.7,1.7,376559.9,55576.9,33261.9,936.4,180.7,128.0,392.3,116.2,67.2
a.b.c.d,1646974294,Multiverse2,SPE,377848.5,1101.1,17.8,7.3,0.11486369999999999,0.040885599999999994,0.29837290000000005,0.28166660000000004,139.8,13724.6,1.0,5.7,2.4,7561.9,1168.2,121.3,75.4,11.4,1.7,152.7,67.85,34.6,0.5,0.0,0.0,0.8438190999999999,0.9123613,0.18496020000000002,0.2861111,347246.1,917.1,3.6,1.8,343222.5,64055.3,33270.1,903.9,213.4,128.1,366.8,133.25,75.4
a.b.c.d,1646974314,Multiverse2,SPE,352521.2,1073.6,16.9,8.1,0.11633610000000001,0.0420332,0.2817063,0.27333330000000006,139.3,13686.0,1.0,5.2,2.5,7537.1,1406.6,149.5,75.1,14.4,2.1,152.7,75.35,41.6,0.5,0.0,0.0,0.8406551,0.9015402,0.1825793,0.2777778,321927.1,890.4,3.4,1.9,317903.7,72514.7,33277.7,877.2,247.1,128.2,347.0,145.7,83.0
a.b.c.d,1646974334,Multiverse2,SPE,324102.3,1030.5,17.2,7.2,0.11367489999999998,0.042563199999999995,0.27709090000000003,0.25333330000000004,135.3,13333.3,1.0,5.2,2.3,7196.4,1230.2,137.5,71.3,12.4,1.9,164.3,81.7,42.7,0.5,0.0,0.0,0.8414482,0.8989002000000001,0.17796389999999998,0.2577778,293825.3,851.2,3.4,1.7,289809.5,58463.8,33270.1,838.1,227.5,128.1,329.5,133.15,75.4
a.b.c.d,1646974354,Multiverse2,SPE,324740.5,1347.3,20.6,10.3,0.2005509,0.1000229,0.32090050000000003,0.3255555,511.5,40257.9,3.3,7.8,4.9,16480.9,1509.6,165.7,214.1,14.1,2.3,174.2,90.95,48.7,0.6,0.1,0.0,0.7571527,0.8396204,0.1783721,0.25999999999999995,266677.2,790.9,4.1,2.4,257364.0,58496.4,33270.1,756.2,227.7,128.1,333.7,136.65,75.4
a.b.c.d,1646974374,Multiverse2,SPE,313447.3,1463.6,21.7,12.9,0.26021520000000004,0.1323498,0.34316240000000003,0.3214285,689.1,53146.5,4.5,8.9,6.2,18636.3,1995.8,165.7,254.2,19.6,2.3,175.3,91.25,47.8,0.6,0.2,0.0,0.6960751000000001,0.7912638000000001,0.1775388,0.2577778,236603.6,721.4,4.3,2.9,221562.3,58602.8,33277.7,663.8,228.3,128.2,337.5,143.35,83.0
a.b.c.d,1646974394,Multiverse2,SPE,345822.7,2022.8,25.2,12.9,0.3328977,0.1741641,0.3553217999999999,0.3436507999999999,1297.7,90991.1,5.4,11.1,6.6,43170.7,1826.3,145.2,672.6,18.1,2.0,168.8,90.0,41.0,0.6,0.2,0.0,0.627591,0.7554024000000001,0.1779581,0.2633334,234124.5,675.5,5.1,3.0,212606.0,58598.7,33270.1,592.5,228.2,128.1,376.8,139.25,75.4
a.b.c.d,1646974414,Multiverse2,SPE,343395.6,2394.2,28.5,12.7,0.41712760000000004,0.23313110000000004,0.36802029999999997,0.31031749999999997,1714.9,116109.9,5.3,13.2,6.5,67814.2,1820.3,145.2,1084.6,18.0,2.0,181.6,84.0,41.0,0.5,0.2,0.0,0.5456275,0.6966279,0.1829846,0.36333340000000003,206690.0,630.4,6.0,3.1,185163.3,58598.7,33270.1,547.3,228.2,128.1,362.6,139.25,75.4
a.b.c.d,1646974434,Multiverse2,SPE,358237.1,2782.8,26.6,12.9,0.4578782,0.27628949999999997,0.355293,0.30425690000000005,2103.2,138253.0,5.0,12.3,6.5,90002.5,4206.6,173.4,1457.5,56.5,2.4,162.5,83.3,47.0,0.4,0.2,0.0,0.5066958,0.6497802,0.1587422,0.3057576,197421.6,630.0,5.1,2.6,179847.4,75195.0,49906.9,559.2,293.1,193.3,347.0,153.4,100.9
a.b.c.d,1646974454,Multiverse2,SPE,391109.9,3350.4,27.6,12.8,0.5417482,0.34151999999999993,0.385293,0.36203470000000004,2668.5,173287.9,5.4,13.1,7.0,116607.8,4490.8,161.4,1902.7,60.9,2.2,162.1,82.1,46.0,0.5,0.2,0.0,0.4284490999999999,0.5979209,0.1537422,0.29575759999999995,197569.4,633.2,5.1,2.5,179995.2,75342.8,50054.7,562.4,296.3,196.5,345.9,152.3,99.8
a.b.c.d,1646974474,Multiverse2,SPE,403247.9,3558.8,28.3,12.5,0.6123352,0.38152590000000003,0.4043406000000001,0.3120347,2876.5,185562.5,5.3,13.7,6.8,128788.5,4405.1,145.2,2109.7,60.1,2.0,150.2,75.35,39.2,0.4,0.2,0.0,0.3621125999999999,0.5588019,0.15612310000000001,0.39575759999999993,197337.3,634.5,5.2,2.6,179754.9,66979.0,33567.4,563.6,264.6,132.0,345.1,143.25,82.5
a.b.c.d,1646974494,Multiverse2,SPE,426509.2,3927.9,28.0,13.6,0.6837017000000001,0.42690529999999993,0.3943406,0.32870140000000003,3242.9,206622.7,5.3,13.5,7.0,149990.5,15617.5,173.4,2478.0,247.2,2.4,139.5,74.65,45.2,0.4,0.2,0.0,0.2928493,0.5088353000000001,0.15945650000000003,0.3124243,196965.0,634.3,5.2,2.7,179383.2,66792.8,33566.8,563.4,264.5,132.0,344.6,142.7,81.9
a.b.c.d,1646974514,Multiverse2,SPE,445994.6,4309.1,29.4,13.8,0.7628921,0.48678509999999997,0.4122893,0.36203470000000004,3636.5,231380.9,5.7,14.2,7.5,169172.6,16103.5,161.4,2799.5,254.1,2.2,144.1,74.45,44.2,0.5,0.2,0.0,0.2204202,0.4637581,0.1697129,0.33147190000000004,194269.9,623.8,5.7,3.0,176502.5,58338.4,33559.2,551.7,230.9,131.9,344.7,135.25,74.3
a.b.c.d,1646974534,Multiverse2,SPE,498923.3,4418.0,31.3,14.3,0.8034526,0.49326159999999997,0.4344047,0.4120347000000001,3711.7,237041.4,5.8,15.2,7.8,171890.6,15958.1,145.2,2840.5,253.8,2.0,134.7,64.85,36.1,0.6,0.2,0.0,0.1827067,0.4597524,0.18557830000000003,0.38147190000000003,241542.2,657.5,6.5,3.3,223635.8,50127.4,33559.2,584.4,198.2,131.9,384.4,122.75,74.3
a.b.c.d,1646974554,Multiverse2,HS,472369.0,4087.5,28.2,12.5,0.7678266,0.4565848999999999,0.41059509999999994,0.37314579999999997,3387.7,214327.4,3.6,13.0,5.8,163845.9,16481.0,145.2,2713.7,262.5,2.0,134.9,59.05,36.7,0.6,0.1,0.0,0.21445540000000002,0.48247809999999997,0.1929479,0.38702749999999997,235719.1,651.1,6.0,3.0,217266.8,50208.8,33632.0,577.6,198.7,132.4,372.7,127.15,88.8
a.b.c.d,1646974576,Multiverse2,HS,444686.6,3872.2,27.4,9.9,0.7075389,0.4245827999999999,0.38138869999999997,0.32171720000000004,3193.3,199885.9,2.2,11.8,4.0,161460.7,15867.5,117.0,2673.5,255.3,1.6,129.0,57.95,30.6,0.5,0.0,0.0,0.2529303,0.5028015,0.1951701,0.3781386,227111.2,630.6,5.9,2.4,214394.8,50094.6,33624.4,580.1,198.0,132.3,358.7,112.65,81.2
